{
  "grade": [
    -39.5005,
    -38.5,
    -37.5,
    -36.5,
    -35.5,
    -34.5,
    -33.5,
    -32.5,
    -31.5,
    -30.5,
    -29.5,
    -28.5,
    -27.5,
    -26.5,
    -25.5,
    -24.5,
    -23.5,
    -22.5,
    -21.5,
    -20.5,
    -19.5,
    -18.5,
    -17.5,
    -16.5,
    -15.5,
    -14.5,
    -13.5,
    -12.5,
    -11.5,
    -10.5,
    -9.5,
    -8.5,
    -7.5,
    -6.5,
    -5.5,
    -4.5,
    -3.5,
    -2.5,
    -1.5,
    -0.5,
    0.5,
    1.5,
    2.5,
    3.5,
    4.5,
    5.5,
    6.5,
    7.5,
    8.5,
    9.5,
    10.5,
    11.5,
    12.5,
    13.5,
    14.5,
    15.5,
    16.5,
    17.5,
    18.5,
    19.5,
    20.5,
    21.5,
    22.5,
    23.5,
    24.5,
    25.5,
    26.5,
    27.5,
    28.5,
    29.5,
    30.5,
    31.5,
    32.5,
    33.5,
    34.5,
    35.5,
    36.5,
    37.5,
    38.5,
    39.5
  ],
  "median": [
    1.8498670665442898,
    1.8171206225680943,
    1.684412686848713,
    1.583086312118571,
    1.5361842105263162,
    1.5384615384615374,
    1.5361842105263162,
    1.5384615384615374,
    1.5278750424067766,
    1.465222816399287,
    1.3715124816446407,
    1.312474643032989,
    1.312474643032989,
    1.312474643032989,
    1.3195276399110047,
    1.2436750998668444,
    1.192601086365521,
    1.1837769328263625,
    1.1837769328263625,
    1.1778357687971213,
    1.0840853817499767,
    1.038961038961038,
    1.0179106568219471,
    1.0135651383363837,
    0.9967792302280456,
    0.989039120705473,
    0.9547448617496013,
    0.930690458075526,
    0.930690458075526,
    0.9305406373726073,
    0.9357951968288547,
    0.9357951968288547,
    0.9357951968288547,
    0.9409761634506242,
    0.9385964912280702,
    0.9409761634506242,
    0.9588720285367314,
    0.9752941176470591,
    0.9778067885117496,
    0.9963942307692307,
    1.00402144772118,
    1.0334955872725555,
    1.045397225725095,
    1.0794270833333335,
    1.1014705882352942,
    1.1487266215678473,
    1.1847354497354492,
    1.215619429590018,
    1.2689271840647987,
    1.3248320811218588,
    1.3851761696695077,
    1.4301355731772265,
    1.4653644236912058,
    1.5479428515318148,
    1.588728323699422,
    1.6145404764226055,
    1.6749641577060932,
    1.7495652173913037,
    1.7500000000000002,
    1.8454746136865343,
    1.8771929824561404,
    1.9999999999999987,
    2.0000035650623884,
    2.0520547945205485,
    2.1595404584723292,
    2.28374655647383,
    2.3888888888888884,
    2.4318181818181825,
    2.499999999999998,
    2.5799999999999996,
    2.687775348636922,
    2.7947761194029863,
    2.8645211047202674,
    2.9031007751937987,
    2.9371069182389937,
    2.9463722397476353,
    3.151805386394428,
    3.2146419778046935,
    3.303625889528972,
    3.261553346259704
  ],
  "p25": [
    1.5513894583458514,
    1.5305943107147928,
    1.4843133430436248,
    1.4920318725099604,
    1.410876132930514,
    1.4254912088701177,
    1.4034152415859675,
    1.3764801233528172,
    1.3262696143745005,
    1.2352647551468974,
    1.215231683502876,
    1.1976607142857145,
    1.171854910030016,
    1.171854910030016,
    1.1266644505127483,
    1.1266644505127483,
    1.112038053449477,
    1.0888030333201266,
    1.0837898717546384,
    1.0479133976541024,
    1.0238173644121185,
    0.9926240426240427,
    0.9615191637630662,
    0.9576027780430896,
    0.9401617817594763,
    0.9266264729651514,
    0.913170163170163,
    0.9101992268807614,
    0.8947108958325058,
    0.8741962875544754,
    0.8741962875544754,
    0.875279965137373,
    0.875279965137373,
    0.8774100024160427,
    0.8774100024160427,
    0.881456518393939,
    0.9411764705882344,
    0.9411764705882344,
    0.9508797680034934,
    0.9946463960138154,
    1.0000000000000004,
    1.0209359605911332,
    1.028846153846154,
    1.028846153846154,
    1.0475524475524478,
    1.1049313598290724,
    1.1127959799561502,
    1.189880959581907,
    1.2265615259942648,
    1.2886472103769486,
    1.334589282566543,
    1.3985483664551963,
    1.444268487237237,
    1.4997389272209092,
    1.5366915069591809,
    1.5723108832472463,
    1.6429439399364207,
    1.6921663727219283,
    1.6944391810375414,
    1.739935587761675,
    1.8062770562770554,
    1.8805970883336611,
    1.9179088848845878,
    2.015826810893208,
    2.0735359801488835,
    2.1191067711029064,
    2.195800243827086,
    2.215832647154228,
    2.247629396773651,
    2.267543790808639,
    2.267543790808639,
    2.2832980972515853,
    2.233708179053804,
    2.290171414767897,
    2.290171414767897,
    2.513036881419234,
    2.6954338522352206,
    2.7436680300902907,
    3.0246264526840054,
    3.097363688915594
  ],
  "p75": [
    2.5348061877667143,
    2.507112375533429,
    2.3888888888888884,
    2.212070874861572,
    2.3033707865168536,
    2.212070874861572,
    2.136363636363637,
    1.8752921553123039,
    1.8752921553123039,
    1.8752921553123039,
    1.6981706757674169,
    1.6936343359360309,
    1.609484930487936,
    1.5517303209610902,
    1.5517303209610902,
    1.5517303209610902,
    1.5363064950613587,
    1.5053386911595863,
    1.418455484565861,
    1.3649425287356318,
    1.3557074840305663,
    1.3557074840305663,
    1.3557074840305663,
    1.1918956701094634,
    1.1621742047732029,
    1.1077138704318938,
    1.0807125910169357,
    1.0883776060271482,
    1.072663124916832,
    1.0883776060271482,
    1.0673937026751128,
    1.0354795918367345,
    1.032539910218142,
    1.022335302517008,
    1.0,
    0.9894736842105266,
    0.9894736842105266,
    0.990086354518323,
    1.0,
    1.0,
    1.0097193129451194,
    1.0545634670014234,
    1.0786246997851094,
    1.154696132596685,
    1.162534059945504,
    1.2512343878082297,
    1.2631902644012973,
    1.2992637910296359,
    1.303616352201258,
    1.41112012987013,
    1.4676461963642633,
    1.5215031837357849,
    1.5724570663230186,
    1.6783696032659343,
    1.736288614695253,
    1.755234682788334,
    1.866840061594124,
    1.963067804621284,
    2.0116878301010583,
    2.0175704695188057,
    2.086850206156412,
    2.089760782892352,
    2.089760782892352,
    2.2301095019013193,
    2.351353704801981,
    2.3786276974132745,
    2.535188536953243,
    2.612495002858788,
    2.737837837837838,
    2.7746803663771455,
    2.947965124975821,
    3.016317547055251,
    3.0463516332899747,
    3.0390635553026004,
    3.2047919293820915,
    3.3266129032258016,
    3.5593607305936046,
    3.5593607305936046,
    3.833002936857562,
    3.6992866722041655
  ],
  "count": [
    9,
    9,
    9,
    9,
    9,
    9,
    9,
    10,
    10,
    10,
    11,
    11,
    11,
    11,
    11,
    11,
    11,
    11,
    11,
    11,
    12,
    11,
    11,
    12,
    12,
    12,
    12,
    12,
    12,
    12,
    12,
    12,
    12,
    12,
    13,
    13,
    13,
    13,
    13,
    13,
    13,
    13,
    13,
    13,
    13,
    12,
    12,
    12,
    12,
    12,
    12,
    12,
    12,
    12,
    12,
    12,
    12,
    12,
    11,
    11,
    11,
    11,
    11,
    11,
    11,
    11,
    11,
    11,
    11,
    11,
    11,
    11,
    11,
    11,
    11,
    10,
    11,
    10,
    10,
    10
  ]
}